,Campus ID,Quiz 1,Quiz 2,Quiz 3,Quiz 4,Midterm,Final exam,Grand Total
count,8.00E+01,79,80,78,75,79,77,80
mean,9.07E+09,8.987342,7.3,9.115385,53.806667,62.582278,111.496753,244.621875
std,2.56E+06,1.6679,2.905255,1.893123,54.297223,51.45688,23.117886,53.358502
min,9.07E+09,4,1,2,3,3,55.25,14
25%,9.07E+09,8,4,10,8,8,96.5,226.5
50%,9.07E+09,10,8.5,10,10,76.5,116,257.125
75%,9.07E+09,10,10,10,109.5,110,127,277.75
max,9.08E+09,10,10,10,145,147.5,150,323